{
  "IsEncrypted": false,
  "Values": {
    "AzureWebJobsStorage": "UseDevelopmentStorage=true",
    "FUNCTIONS_WORKER_RUNTIME": "dotnet-isolated",
    "WorkDbConnectionString": "Data Source=DESKTOP-P2INA01;Initial Catalog=WorkDb;Integrated Security=SSPI;Persist Security Info=False;Trusted_Connection=True;MultipleActiveResultSets=False;Encrypt=True;TrustServerCertificate=True;Connection Timeout=90;",
    "VaultURI": "https://ptazsg-4work-kv.vault.azure.net/",
    "TenantId": "fa6434db-4921-4ae3-8a0c-60977ad6c33c",

    "AceBaseUri": "https://acm.petronas.com",
    "AceResourceUri": "api/Integration/GetProfileLess",
    "AceClientId": "d0c3cd1ee59441c8854c27daa67279db",
    "AceClientSecret": "0838FDBc7a3D4EE3a66e4302A423eb11",
    "AceAuthorization": "Basic QUNNU1Byb2Q6YUdWc2JHOUJRMDA9",
    "AceToken": "Ntd4l6EAMyBQg",

    "SapBaseUri": "https://devapi.petronas.com",
    "SapGetWorkOrdersResourceUri": "uat/pet/web/assetmaintmgmt/exp/api/v1/work-orders",
    "SapGetWorkOperationsResourceUri": "uat/pet/web/assetmaintmgmt/exp/api/v1/work-operations",
    "SapClientId": "b992b3efeb1d422fb39667b0239beae2",
    "SapClientSecret": "8f3E3fc2BA3B46cE9F9547585Bc25A1e"
  },
  "Host": {
    "CORS": "*"
  }
}